{"Version":1,"ManifestType":"Publish","Endpoints":[{"Route":"concerts/3698be60-a90c-458b-b0cb-c4bea1afc569.jpg","AssetFile":"concerts/3698be60-a90c-458b-b0cb-c4bea1afc569.jpg","Selectors":[],"ResponseHeaders":[{"Name":"Cache-Control","Value":"max-age=3600, must-revalidate"},{"Name":"Content-Length","Value":"596587"},{"Name":"Content-Type","Value":"image/jpeg"},{"Name":"ETag","Value":"\"THaRVxMuPKfT2HqCSNeX3uF4wx6KAVOaKNmDTf0t4sE=\""},{"Name":"Last-Modified","Value":"Thu, 01 Jan 2026 01:12:06 GMT"}],"EndpointProperties":[{"Name":"integrity","Value":"sha256-THaRVxMuPKfT2HqCSNeX3uF4wx6KAVOaKNmDTf0t4sE="}]},{"Route":"concerts/3698be60-a90c-458b-b0cb-c4bea1afc569.wdssji59ok.jpg","AssetFile":"concerts/3698be60-a90c-458b-b0cb-c4bea1afc569.jpg","Selectors":[],"ResponseHeaders":[{"Name":"Cache-Control","Value":"max-age=31536000, immutable"},{"Name":"Content-Length","Value":"596587"},{"Name":"Content-Type","Value":"image/jpeg"},{"Name":"ETag","Value":"\"THaRVxMuPKfT2HqCSNeX3uF4wx6KAVOaKNmDTf0t4sE=\""},{"Name":"Last-Modified","Value":"Thu, 01 Jan 2026 01:12:06 GMT"}],"EndpointProperties":[{"Name":"fingerprint","Value":"wdssji59ok"},{"Name":"integrity","Value":"sha256-THaRVxMuPKfT2HqCSNeX3uF4wx6KAVOaKNmDTf0t4sE="},{"Name":"label","Value":"concerts/3698be60-a90c-458b-b0cb-c4bea1afc569.jpg"}]}]}